Workbook

Sheet Calculadora
B1: ProctoTeam UGM — Calculadora de almacenamiento de grabaciones
B2: Edita solo las celdas AZULES. Todo lo demás se recalcula solo. (Las amarillas son las que más se tocan.)
B4: 1 · PARÁMETROS DEL EXAMEN
B5: Alumnos por examen | C5: 30
B6: Exámenes por mes | C6: 10
B7: Duración del examen (min) | C7: 60
B8: Bitrate video (Mbps) | C8: 0.4
B9: Bitrate audio (Mbps) | C9: 0.032
B10: Meses de retención | C10: 6
B12: 2 · PARÁMETROS DE STORAGE (precios editables)
B13: Supabase — GB incluidos (plan Pro) | C13: 100
B14: Supabase — costo base ($/mes) | C14: 25
B15: Supabase — excedente ($/GB/mes) | C15: 0.021
B16: Cloudflare R2 — storage ($/GB/mes) | C16: 0.015
B17: Cloudflare R2 — egress ($/GB) | C17: 0
B18: Backblaze B2 — storage ($/GB/mes) | C18: 0.006
B20: 3 · RESULTADOS (GB generados)
B21: Bitrate total por alumno (Mbps) | C21: =C8+C9 -> 0.432
B22: GB por alumno-hora | C22: =C21*3600/8/1000 -> 0.1944
B23: GB por alumno (este examen) | C23: =C21*(C7*60)/8/1000 -> 0.1944
B24: GB por examen (todos los alumnos) | C24: =C23*C5 -> 5.832
B25: GB por mes (tanda mensual) | C25: =C24*C6 -> 58.32
B26: GB retenidos en régimen (a X meses) | C26: =C25*C10 -> 349.92
B28: 4 · COSTO MENSUAL EN RÉGIMEN
B29: Supabase — GB por sobre lo incluido | C29: =MAX(0,C26-C13) -> 249.92
B30: Opción A · TODO en Supabase ($/mes) | C30: =C14+C29*C15 -> 30.24832
B31: Opción B · Supabase (DB) + video en R2 ($/mes) | C31: =C14+C26*C16+C26*C17 -> 30.2488
B32: Opción C · Supabase (DB) + video en B2 ($/mes) | C32: =C14+C26*C18 -> 27.09952
B33: Ahorro mensual con la opción más barata (vs A) | C33: =C30-MIN(C31,C32) -> 3.1488
B34: Ahorro anual con la opción más barata (vs A) | C34: =(C30-MIN(C31,C32))*12 -> 37.7856
B36: Nota: R2/B2 son S3-compatibles. La recomendación operativa es dejar en Supabase la DB + evidencia caliente
B37: (últimos días) y mover las grabaciones a Cloudflare R2 tras X días (ver hoja 'Plan R2').

Sheet Tablas
B1: Tablas de GB generados (dinámicas: usan la duración/bitrate de la hoja Calculadora)
B3: Tabla 1 — GB por 1 examen (según duración en Calculadora)
B4: Alumnos | C4: GB por examen
B5: 1 | C5: =B5*Calculadora!$C$23 -> 0.1944
B6: 10 | C6: =B6*Calculadora!$C$23 -> 1.944
B7: 30 | C7: =B7*Calculadora!$C$23 -> 5.832
B8: 50 | C8: =B8*Calculadora!$C$23 -> 9.72
B9: 100 | C9: =B9*Calculadora!$C$23 -> 19.44
B12: Tabla 2 — GB escalando por cantidad de exámenes
B13: Alumnos | C13: 1 examen | D13: 3 exámenes | E13: 10 exámenes
B14: 1 | C14: =$B14*1*Calculadora!$C$23 -> 0.1944 | D14: =$B14*3*Calculadora!$C$23 -> 0.5832 | E14: =$B14*10*Calculadora!$C$23 -> 1.944
B15: 10 | C15: =$B15*1*Calculadora!$C$23 -> 1.944 | D15: =$B15*3*Calculadora!$C$23 -> 5.832 | E15: =$B15*10*Calculadora!$C$23 -> 19.44
B16: 30 | C16: =$B16*1*Calculadora!$C$23 -> 5.832 | D16: =$B16*3*Calculadora!$C$23 -> 17.496 | E16: =$B16*10*Calculadora!$C$23 -> 58.32
B17: 50 | C17: =$B17*1*Calculadora!$C$23 -> 9.72 | D17: =$B17*3*Calculadora!$C$23 -> 29.16 | E17: =$B17*10*Calculadora!$C$23 -> 97.2
B18: 100 | C18: =$B18*1*Calculadora!$C$23 -> 19.44 | D18: =$B18*3*Calculadora!$C$23 -> 58.32 | E18: =$B18*10*Calculadora!$C$23 -> 194.4
B21: Tabla 3 — Acumulación mes a mes (usa 'GB por mes' de la Calculadora)
B22: Concepto | C22: Mes 1 | D22: Mes 2 | E22: Mes 3 | F22: Mes 4 | G22: Mes 5 | H22: Mes 6
B23: GB acumulados | C23: =Calculadora!$C$25*1 -> 58.32 | D23: =Calculadora!$C$25*2 -> 116.64 | E23: =Calculadora!$C$25*3 -> 174.96 | F23: =Calculadora!$C$25*4 -> 233.28 | G23: =Calculadora!$C$25*5 -> 291.6 | H23: =Calculadora!$C$25*6 -> 349.92
B24: ¿Supera 100 GB? | C24: =IF(C23>Calculadora!$C$13,"SÍ","no") -> no | D24: =IF(D23>Calculadora!$C$13,"SÍ","no") -> SÍ | E24: =IF(E23>Calculadora!$C$13,"SÍ","no") -> SÍ | F24: =IF(F23>Calculadora!$C$13,"SÍ","no") -> SÍ | G24: =IF(G23>Calculadora!$C$13,"SÍ","no") -> SÍ | H24: =IF(H23>Calculadora!$C$13,"SÍ","no") -> SÍ
B26: Regla mental: 1 GB ≈ 5,3 horas-alumno · 100 GB ≈ 526 horas-alumno de grabación.

Sheet Notas y fuentes
B1: Notas, supuestos y fuentes
B3: SUPUESTO TÉCNICO (verificado en el código):
B4: • Solo se graba la WEBCAM del alumno. La pantalla compartida se ve en vivo pero NO se graba.
B5: • Bitrate: video 0.4 Mbps + audio 0.032 Mbps ≈ 0.432 Mbps (src/components/proctoring/StudentCam.tsx).
B6: • Formato WebM (VP8/opus), 640x480, subido en chunks de 15 s a Supabase Storage (bucket 'evidences').
B7: • GB por alumno-hora = 0,432 Mbps × 3600 s ÷ 8 ÷ 1000 ≈ 0,19 GB. Presencial sin audio ≈ 0,18 GB.
B8: • Si en el futuro se graba también la pantalla, el almacenamiento se DUPLICA o TRIPLICA.
B10: SUPABASE:
B11: • Los 100 GB del plan Pro ($25/mes) son 'incluidos', NO un tope duro. Sobre eso: ~$0,021/GB/mes + egress.
B13: STORAGE COMPLEMENTARIO (video frío, retención 6 meses):
B14: • Cloudflare R2: $0,015/GB/mes, EGRESS GRATIS, S3-compatible (recomendado).
B15: • Backblaze B2: ~$0,006/GB/mes, egress gratis hasta 3× lo guardado / gratis vía Cloudflare CDN (el más barato).
... B23: Generado con Claude Code — 2026-07-07.
